code,system
E204.11,readv2
Eu53011,readv2
E2B1.00,readv2
1BT..00,readv2
E11..12,readv2
1B1U.00,readv2
Eu32B00,readv2
212S.00,readv2
Eu33z11,readv2
1JJ..00,readv2
Eu53012,readv2
Eu32400,readv2
Eu34114,readv2
Eu34111,readv2
1BT..11,readv2
E2B0.00,readv2
Eu92000,readv2
1465.00,readv2
8BK0.00,readv2
Eu32z11,readv2
E2B..00,readv2
8HHq.00,readv2
1BQ..00,readv2
Eu32z12,readv2
E113200,readv2
Eu33200,readv2
E113000,readv2
E113100,readv2
Eu33400,readv2
Eu33.13,readv2
Eu3y100,readv2
Eu33.11,readv2
Eu33214,readv2
Eu33212,readv2
Eu33z00,readv2
Eu33100,readv2
E113300,readv2
E113.11,readv2
Eu33.00,readv2
Eu33000,readv2
E113500,readv2
Eu3y111,readv2
E113600,readv2
Eu33y00,readv2
E113700,readv2
E113.00,readv2
E113z00,readv2
Eu33.12,readv2
Eu32100,readv2
E112200,readv2
1BO..00,readv2
E11z100,readv2
E290z00,readv2
E290.00,readv2
E135.00,readv2
Eu32211,readv2
E112.11,readv2
E291.00,readv2
9kQ..00,readv2
Eu32z13,readv2
E11y200,readv2
Eu32y11,readv2
Eu32212,readv2
Eu15500,readv2
E112600,readv2
Eu34y00,readv2
Eu34.00,readv2
Eu32.12,readv2
Eu34012,readv2
E211200,readv2
Eu32z14,readv2
Eu32.13,readv2
1B17.11,readv2
1B17.12,readv2
Eu33.14,readv2
Eu33.15,readv2
E118.00,readv2
9HA1.00,readv2
9HA0.00,readv2
Eu3y.00,readv2
1BU..00,readv2
Eu32y00,readv2
Eu3yy00,readv2
Eu3y000,readv2
Eu32700,readv2
Eu32600,readv2
Eu32200,readv2
E112.14,readv2
Eu33211,readv2
E112z00,readv2
E112100,readv2
E112.00,readv2
Eu53000,readv2
Eu53100,readv2
Eu53.00,readv2
2257.00,readv2
1B17.00,readv2
E112500,readv2
Eu34z00,readv2
E112000,readv2
Eu3z.00,readv2
E03y300,readv2
Eu53z00,readv2
Eu32z00,readv2
62T1.00,readv2
9H91.00,readv2
9H90.00,readv2
9H92.00,readv2
L184.00,readv2
L184300,readv2
Eu32.11,readv2
E11z200,readv2
Eu32y12,readv2
E112.13,readv2
E112.12,readv2
Eu32.00,readv2
Eu32000,readv2
Eu34113,readv2
E204.00,readv2
1B1U.11,readv2
L184200,readv2
L184400,readv2
Eu53111,readv2
E112300,readv2
Eu34100,readv2
Eu3..00,readv2
Eu3y011,readv2
1B1I111,readv2
Eu34000,readv2
Eu32500,readv2
Eu32213,readv2